City_ID,City,Country,Date,Lat,Lng,Max Temp,Humidity,Cloudiness,Wind Speed
0,Weligama,LK,2022-06-05 19:01:19,5.9667,80.4167,77.5,90,100,10.54
1,Bardsir,IR,2022-06-05 19:01:19,29.9227,56.5743,67.64,18,0,3.67
2,Beloha,MG,2022-06-05 19:01:20,-25.1667,45.05,67.39,85,99,5.08
3,Chokurdakh,RU,2022-06-05 19:01:20,70.6333,147.9167,45.7,48,76,9.66
4,Mataura,NZ,2022-06-05 19:01:20,-46.1927,168.8643,39.47,96,0,3.49
5,Boden,SE,2022-06-05 19:01:21,65.8252,21.6886,55.4,46,15,11.56
6,Hermanus,ZA,2022-06-05 19:01:21,-34.4187,19.2345,59.81,67,29,8.32
7,Kholbon,RU,2022-06-05 19:01:21,51.8833,116.25,52.83,53,37,1.19
8,Busselton,AU,2022-06-05 19:01:22,-33.65,115.3333,55.31,75,100,8.77
9,Cidreira,BR,2022-06-05 19:00:12,-30.1811,-50.2056,62.31,95,100,4.14
10,Margate,GB,2022-06-05 18:57:17,51.3813,1.3862,58.69,90,100,3.0
11,Fortuna,US,2022-06-05 19:01:23,40.5982,-124.1573,61.66,89,99,5.86
12,Kapaa,US,2022-06-05 19:01:23,22.0752,-159.319,76.48,85,1,1.01
13,Kamaishi,JP,2022-06-05 19:01:23,39.2667,141.8833,50.85,91,100,5.97
14,Agadir,MA,2022-06-05 19:01:24,30.4202,-9.5982,77.45,63,24,4.74
15,Lebu,CL,2022-06-05 19:01:24,-37.6167,-73.65,53.64,94,100,16.69
16,Albany,US,2022-06-05 18:57:49,42.6001,-73.9662,76.59,33,15,1.99
17,Sovetskiy,RU,2022-06-05 19:01:25,61.3614,63.5842,42.75,51,0,5.61
18,New Norfolk,AU,2022-06-05 19:01:25,-42.7826,147.0587,49.91,84,100,5.01
19,Kavaratti,IN,2022-06-05 19:01:25,10.5669,72.642,83.59,76,100,14.83
20,Zhigansk,RU,2022-06-05 19:01:26,66.7697,123.3711,56.43,43,91,5.17
21,Tiksi,RU,2022-06-05 19:01:26,71.6872,128.8694,45.27,80,87,3.87
22,Kaitangata,NZ,2022-06-05 19:01:27,-46.2817,169.8464,42.73,90,1,4.63
23,Jamestown,US,2022-06-05 18:59:41,42.097,-79.2353,75.02,24,90,7.0
24,Ushuaia,AR,2022-06-05 19:01:26,-54.8,-68.3,35.96,83,100,11.74
25,Bandarbeyla,SO,2022-06-05 19:01:28,9.4942,50.8122,79.61,83,100,21.45
26,Bredasdorp,ZA,2022-06-05 19:01:28,-34.5322,20.0403,55.38,90,10,3.24
27,Seymchan,RU,2022-06-05 19:01:28,62.8833,152.4333,59.02,51,63,2.37
28,Vestmannaeyjar,IS,2022-06-05 19:01:29,63.4427,-20.2734,50.2,92,100,18.57
29,Norman Wells,CA,2022-06-05 19:01:29,65.282,-126.8329,56.97,43,80,1.36
30,Geraldton,AU,2022-06-05 19:01:29,-28.7667,114.6,48.61,71,5,6.91
31,Anaconda,US,2022-06-05 19:01:30,46.1285,-112.9423,52.32,82,100,2.8
32,Faanui,PF,2022-06-05 19:01:30,-16.4833,-151.75,79.81,75,30,12.21
33,Talnakh,RU,2022-06-05 19:01:30,69.4865,88.3972,25.79,84,20,4.41
34,Barrow,US,2022-06-05 18:57:34,71.2906,-156.7887,30.99,81,9,20.13
35,Auray,FR,2022-06-05 19:01:31,47.6703,-2.9918,62.74,72,5,13.0
36,High Level,CA,2022-06-05 19:00:07,58.5169,-117.136,70.52,36,100,11.39
37,Kirakira,SB,2022-06-05 19:01:31,-10.4544,161.9205,78.89,86,68,11.32
38,Linares,CL,2022-06-05 19:01:32,-35.85,-71.6,55.74,78,98,5.57
39,Sitka,US,2022-06-05 19:01:32,57.0531,-135.33,64.47,51,100,2.71
40,Nueva Loja,EC,2022-06-05 19:01:33,0.0847,-76.8828,75.69,83,88,2.39
41,Kaeo,NZ,2022-06-05 19:01:33,-35.1,173.7833,56.32,96,99,4.56
42,Kralendijk,BQ,2022-06-05 19:01:34,12.15,-68.2667,80.74,86,8,21.9
43,Nyurba,RU,2022-06-05 19:01:34,63.2842,118.3319,56.68,97,100,5.79
44,Nandu,CN,2022-06-05 19:02:34,22.8525,110.8233,77.14,93,96,3.96
45,Vaini,TO,2022-06-05 19:02:35,-21.2,-175.2,75.85,78,74,7.63
46,Am Timan,TD,2022-06-05 19:02:35,11.0297,20.2827,90.32,36,100,3.4
47,Aklavik,CA,2022-06-05 19:02:36,68.2191,-135.0107,37.94,56,85,5.97
48,Hamilton,US,2022-06-05 19:02:36,39.1834,-84.5333,85.62,40,20,3.44
49,Bengkulu,ID,2022-06-05 19:02:36,-3.8004,102.2655,76.46,87,100,5.01
50,Port Blair,IN,2022-06-05 19:02:37,11.6667,92.75,79.52,85,100,9.86
51,Camacha,PT,2022-06-05 19:02:37,33.0833,-16.3333,63.82,72,20,12.66
52,Tuatapere,NZ,2022-06-05 19:02:37,-46.1333,167.6833,45.01,91,6,5.39
53,Nikolskoye,RU,2022-06-05 19:02:38,59.7035,30.7861,58.91,76,74,4.7
54,Jalu,LY,2022-06-05 19:02:38,29.0331,21.5482,86.02,28,0,19.77
55,Cherskiy,RU,2022-06-05 19:02:38,68.75,161.3,37.11,61,58,10.71
56,Cape Town,ZA,2022-06-05 19:02:07,-33.9258,18.4232,64.38,67,9,3.87
57,Bluff,NZ,2022-06-05 19:02:39,-46.6,168.3333,39.79,87,10,9.48
58,Zurrieq,MT,2022-06-05 19:02:39,35.8311,14.4742,78.31,53,0,5.75
59,Vao,NC,2022-06-05 19:02:40,-22.6667,167.4833,73.11,70,10,6.38
60,Evensk,RU,2022-06-05 19:02:40,61.95,159.2333,44.65,88,100,2.75
61,Lata,PT,2022-06-05 19:02:40,40.1629,-8.3327,64.36,60,44,6.49
62,Arraial Do Cabo,BR,2022-06-05 18:58:53,-22.9661,-42.0278,73.36,49,20,12.66
63,Auki,SB,2022-06-05 19:02:41,-8.7676,160.7034,77.32,85,99,4.76
64,Saint-Denis,FR,2022-06-05 19:02:41,48.9167,2.3333,69.06,85,75,9.22
65,Celestun,MX,2022-06-05 19:02:42,20.8667,-90.4,84.06,65,27,10.6
66,Mar Del Plata,AR,2022-06-05 19:00:04,-38.0023,-57.5575,54.95,78,100,1.99
67,Souillac,MU,2022-06-05 19:02:42,-20.5167,57.5167,72.34,76,0,13.35
68,Harlingen,US,2022-06-05 19:00:14,26.1906,-97.6961,93.29,31,0,16.33
69,Nantucket,US,2022-06-05 18:58:32,41.2835,-70.0995,70.14,75,0,6.6
70,Kiunga,PG,2022-06-05 19:02:43,-6.1219,141.2906,70.86,99,26,0.63
71,Dingle,PH,2022-06-05 19:02:43,10.9995,122.6711,75.79,91,100,1.19
72,Borgarnes,IS,2022-06-05 19:02:43,64.5383,-21.9206,50.81,89,100,6.4
73,Makakilo City,US,2022-06-05 19:02:44,21.3469,-158.0858,79.2,63,0,5.32
74,Healdsburg,US,2022-06-05 19:02:44,38.6105,-122.8692,68.9,89,100,6.91
75,Susanville,US,2022-06-05 19:00:04,40.4163,-120.653,62.44,70,75,9.22
76,Kincardine,GB,2022-06-05 19:00:25,56.0667,-3.7167,60.78,77,93,7.11
77,Namibe,AO,2022-06-05 19:02:45,-15.1961,12.1522,74.66,50,79,7.43
78,Avarua,CK,2022-06-05 19:02:45,-21.2078,-159.775,77.05,94,23,3.44
79,Punta Arenas,CL,2022-06-05 19:02:46,-53.15,-70.9167,48.11,49,100,15.46
80,Namanga,KE,2022-06-05 19:02:46,-2.5433,36.7905,61.99,79,20,3.78
81,Puerto Ayora,EC,2022-06-05 19:02:47,-0.7393,-90.3518,73.54,90,94,5.99
82,Tuktoyaktuk,CA,2022-06-05 19:02:47,69.4541,-133.0374,31.06,71,71,6.04
83,Athabasca,CA,2022-06-05 19:02:47,54.7169,-113.2854,64.49,46,100,15.48
84,Longyearbyen,SJ,2022-06-05 19:02:48,78.2186,15.6401,48.04,76,75,11.5
85,Reporoa,NZ,2022-06-05 19:02:48,-38.4333,176.35,50.41,99,100,2.06
86,Mahebourg,MU,2022-06-05 19:01:07,-20.4081,57.7,72.25,74,4,15.12
87,Agadez,NE,2022-06-05 19:02:48,19.75,10.25,91.89,7,0,7.54
88,Iqaluit,CA,2022-06-05 19:01:20,63.7506,-68.5145,50.7,53,15,8.01
89,Natal,BR,2022-06-05 19:02:49,-5.795,-35.2094,75.85,100,75,6.91
90,Strezhevoy,RU,2022-06-05 19:03:49,60.7333,77.5889,36.37,87,93,7.29
91,Severo-Kurilsk,RU,2022-06-05 19:03:50,50.6789,156.125,43.75,83,91,6.78
92,Antofagasta,CL,2022-06-05 19:03:50,-23.65,-70.4,61.88,79,27,5.79
93,Bailen,ES,2022-06-05 19:03:51,38.0964,-3.7779,85.15,19,0,4.79
94,Damietta,EG,2022-06-05 19:03:51,31.4165,31.8133,74.52,74,0,7.07
95,Ponta Do Sol,PT,2022-06-05 19:03:51,32.6667,-17.1,72.01,75,11,0.98
96,Saint-Pierre,RE,2022-06-05 19:01:36,-21.3393,55.4781,71.91,78,0,4.61
97,Hobart,AU,2022-06-05 19:00:08,-42.8794,147.3294,50.25,70,100,12.66
98,Grindavik,IS,2022-06-05 19:03:52,63.8424,-22.4338,46.87,100,75,8.05
99,Pilar,BR,2022-06-05 19:03:52,-9.5972,-35.9567,76.93,88,9,8.23
100,Rikitea,PF,2022-06-05 19:03:53,-23.1203,-134.9692,73.99,77,9,17.22
101,Port Alfred,ZA,2022-06-05 19:03:53,-33.5906,26.891,61.65,76,6,13.09
102,Yellowknife,CA,2022-06-05 19:01:26,62.456,-114.3525,69.57,32,100,20.0
103,Tual,ID,2022-06-05 19:03:53,-5.6667,132.75,81.59,76,67,10.22
104,Hithadhoo,MV,2022-06-05 19:02:50,-0.6,73.0833,83.64,68,12,4.72
105,Udachnyy,RU,2022-06-05 19:03:54,66.4167,112.4,49.3,53,100,7.94
106,Nome,US,2022-06-05 19:03:54,64.5011,-165.4064,62.67,35,0,9.22
107,Provideniya,RU,2022-06-05 19:03:55,64.3833,-173.3,41.88,75,100,0.65
108,Filingue,NE,2022-06-05 19:03:55,14.3521,3.3168,99.05,17,14,3.65
109,Palmer,US,2022-06-05 19:03:55,42.1584,-72.3287,77.65,32,50,5.01
110,Dragor,DK,2022-06-05 19:03:56,55.5946,12.6664,64.22,55,100,6.91
111,San Jose,US,2022-06-05 18:58:57,37.3394,-121.895,75.69,67,100,5.01
112,Micheweni,TZ,2022-06-05 19:03:56,-4.9667,39.8333,74.84,89,100,16.44
113,Morant Bay,JM,2022-06-05 19:03:57,17.8815,-76.4093,87.71,78,90,9.82
114,Loandjili,CG,2022-06-05 19:03:57,-4.7561,11.8578,74.55,85,47,6.11
115,Hasaki,JP,2022-06-05 19:03:57,35.7333,140.8333,63.0,85,100,5.39
116,Guantanamo,CU,2022-06-05 19:03:58,20.1444,-75.2092,87.37,65,96,16.46
117,Kodiak,US,2022-06-05 19:03:58,57.79,-152.4072,60.31,63,0,6.91
118,Pangkalanbuun,ID,2022-06-05 19:03:47,-2.6833,111.6167,73.02,99,98,1.48
119,Thompson,CA,2022-06-05 19:00:43,55.7435,-97.8558,59.79,41,23,5.64
120,Vaitape,PF,2022-06-05 19:03:59,-16.5167,-151.75,79.84,75,36,12.01
121,Dukat,RU,2022-06-05 19:03:59,62.55,155.55,51.22,59,100,2.91
122,Mae Ramat,TH,2022-06-05 19:03:59,16.984,98.5166,74.37,96,100,1.99
123,Neiafu,TO,2022-06-05 19:04:00,-18.65,-173.9833,77.68,88,75,2.3
124,Prince Rupert,CA,2022-06-05 19:04:00,54.3161,-130.3201,58.91,78,100,2.8
125,Lwowek Slaski,PL,2022-06-05 19:04:00,51.1107,15.5858,69.67,75,12,9.46
126,Nizwa,OM,2022-06-05 19:04:01,22.9333,57.5333,88.66,19,0,4.83
127,Lagoa,PT,2022-06-05 19:04:01,39.05,-27.9833,64.13,85,100,15.08
128,Butaritari,KI,2022-06-05 19:04:01,3.0707,172.7902,81.7,71,54,13.15
129,Mataram,ID,2022-06-05 19:04:02,-8.5833,116.1167,74.21,87,88,3.27
130,Rosarito,MX,2022-06-05 19:04:02,32.3333,-117.0333,81.63,67,9,9.62
131,Ancud,CL,2022-06-05 19:04:02,-41.8697,-73.8203,48.42,74,100,16.91
132,Kavieng,PG,2022-06-05 19:04:03,-2.5744,150.7967,80.64,73,99,4.92
133,Ciudad Dario,NI,2022-06-05 19:04:03,12.7314,-86.124,74.08,91,100,2.77
134,Torbay,CA,2022-06-05 19:03:21,47.6666,-52.7314,50.88,76,100,11.21
135,Muisne,EC,2022-06-05 19:04:04,0.6,-80.0333,78.15,75,68,11.95
136,Olinda,BR,2022-06-05 19:02:57,-8.0089,-34.8553,82.13,65,20,14.97
137,Constantine,DZ,2022-06-05 19:04:04,36.365,6.6147,83.61,39,0,4.61
138,Kapuskasing,CA,2022-06-05 19:02:02,49.4169,-82.4331,68.67,29,41,6.13
139,Hovd,MN,2022-06-05 19:05:05,48.0056,91.6419,56.8,32,1,18.99
140,Takestan,IR,2022-06-05 19:05:05,36.0696,49.6959,73.83,36,98,2.57
141,Sao Jose Da Coroa Grande,BR,2022-06-05 19:05:06,-8.8978,-35.1478,78.91,79,15,10.71
142,Dhone,IN,2022-06-05 19:05:06,15.4167,77.8833,83.03,59,100,13.73
143,Ryotsu,JP,2022-06-05 19:05:06,38.0833,138.4333,61.03,83,100,6.26
144,Haines Junction,CA,2022-06-05 19:05:07,60.7522,-137.5108,56.34,73,100,3.18
145,Khatanga,RU,2022-06-05 19:05:08,71.9667,102.5,26.02,88,98,4.81
146,Pinsk,BY,2022-06-05 19:02:27,52.1229,26.0951,57.02,82,6,6.35
147,Svetlogorsk,BY,2022-06-05 19:05:08,52.6333,29.7333,57.0,80,27,5.44
148,Olafsvik,IS,2022-06-05 19:05:08,64.8945,-23.7142,40.77,62,100,13.13
149,Puerto Maldonado,PE,2022-06-05 19:05:09,-12.6,-69.1833,77.4,73,75,5.75
150,Warrnambool,AU,2022-06-05 19:05:09,-38.3833,142.4833,48.81,69,100,25.23
151,Luderitz,NA,2022-06-05 19:05:10,-26.6481,15.1594,69.01,33,100,8.37
152,Atuona,PF,2022-06-05 19:05:10,-9.8,-139.0333,78.13,71,13,15.77
153,Saint-Philippe,RE,2022-06-05 19:05:10,-21.3585,55.7679,69.39,74,46,12.33
154,Narsaq,GL,2022-06-05 19:05:11,60.9167,-46.05,66.42,47,100,2.62
155,Bluefields,NI,2022-06-05 19:05:11,12.0137,-83.7635,85.95,67,52,5.32
156,Altay,CN,2022-06-05 19:05:11,47.8667,88.1167,48.69,83,19,7.31
157,Avera,US,2022-06-05 19:05:12,33.194,-82.5271,86.56,31,65,8.01
158,Saldanha,ZA,2022-06-05 19:05:12,-33.0117,17.9442,63.82,52,1,7.29
159,Airai,TL,2022-06-05 19:05:12,-8.9266,125.4092,58.3,91,91,2.19
160,Derzhavinsk,KZ,2022-06-05 19:05:13,51.1,66.3167,53.38,61,31,7.7
161,Martinsville,US,2022-06-05 19:05:13,36.6915,-79.8725,80.83,43,0,4.61
162,Yenagoa,NG,2022-06-05 19:05:14,4.9247,6.2642,73.67,96,100,1.72
163,Marzuq,YE,2022-06-05 19:05:14,14.4,46.4667,77.95,51,25,6.15
164,Husavik,IS,2022-06-05 19:05:14,66.0449,-17.3389,42.19,74,98,18.54
165,Tasiilaq,GL,2022-06-05 19:03:13,65.6145,-37.6368,46.56,52,29,5.01
166,Mehamn,NO,2022-06-05 19:05:15,71.0357,27.8492,46.35,76,0,4.61
167,East London,ZA,2022-06-05 19:01:11,-33.0153,27.9116,63.25,71,38,8.79
168,Porto Velho,BR,2022-06-05 19:03:30,-8.7619,-63.9039,87.85,62,20,2.3
169,Muros,ES,2022-06-05 19:05:15,42.7762,-9.0603,66.69,77,100,6.82
170,Chumikan,RU,2022-06-05 19:05:16,54.7183,135.315,45.99,72,20,4.43
171,Ushtobe,KZ,2022-06-05 19:05:16,45.2514,77.9838,57.16,49,6,19.13
172,Adrar,MR,2022-06-05 19:05:17,20.5022,-10.0711,97.61,11,100,11.23
173,Snasa,NO,2022-06-05 19:05:17,64.2457,12.3778,45.81,69,83,7.49
174,Yulara,AU,2022-06-05 19:05:17,-25.2406,130.9889,49.3,67,7,8.75
175,Hilo,US,2022-06-05 19:00:27,19.7297,-155.09,82.27,92,100,6.91
176,Mehran,IR,2022-06-05 19:05:18,33.1222,46.1646,100.47,10,16,10.2
177,Hervey Bay,AU,2022-06-05 19:05:18,-25.2986,152.8535,70.23,88,87,12.21
178,Slave Lake,CA,2022-06-05 19:02:52,55.2834,-114.769,63.7,37,100,11.45
179,Sao Joao Da Barra,BR,2022-06-05 19:05:19,-21.6403,-41.0511,73.49,54,41,11.7
180,Cerrito,CO,2022-06-05 19:05:19,6.8432,-72.694,60.06,83,100,1.14
181,Maceio,BR,2022-06-05 19:05:19,-9.6658,-35.7353,78.24,83,75,9.22
182,Moses Lake,US,2022-06-05 19:05:20,47.1301,-119.2781,70.48,64,20,9.22
183,Victoria,HK,2022-06-05 19:03:09,22.2855,114.1577,84.96,84,87,10.0
184,Mirnyy,RU,2022-06-05 19:06:20,62.5353,113.9611,53.89,97,100,4.45
185,Bambous Virieux,MU,2022-06-05 19:06:21,-20.3428,57.7575,72.21,74,7,14.92
186,Muhos,FI,2022-06-05 19:06:21,64.808,25.9931,49.78,52,6,8.32
187,Graaff-Reinet,ZA,2022-06-05 19:06:21,-32.2522,24.5308,48.92,88,4,0.83
188,Wewak,PG,2022-06-05 19:06:22,-3.5534,143.6268,76.89,87,91,4.32
189,Platonovka,RU,2022-06-05 19:06:22,52.7106,41.952,55.78,84,100,12.66
190,Lorengau,PG,2022-06-05 19:06:22,-2.0226,147.2712,79.14,74,8,3.15
191,Homewood,US,2022-06-05 19:06:24,33.4718,-86.8008,87.35,51,40,8.05
192,Mae Sai,TH,2022-06-05 19:06:24,20.4335,99.8762,72.84,97,100,1.07
193,Kysyl-Syr,RU,2022-06-05 19:06:24,63.8986,122.7617,56.95,68,54,5.64
194,Carnarvon,AU,2022-06-05 19:06:25,-24.8667,113.6333,67.05,44,2,6.31
195,Abu Dhabi,AE,2022-06-05 19:06:25,24.4667,54.3667,87.91,69,0,3.44
196,Talcahuano,CL,2022-06-05 19:06:26,-36.7167,-73.1167,55.08,88,100,10.36
197,Zeya,RU,2022-06-05 19:06:26,53.75,127.2667,55.02,59,15,3.09
198,Bandundu,CD,2022-06-05 19:06:26,-3.3167,17.3667,79.36,53,81,2.44
199,Raposa,BR,2022-06-05 19:06:27,-6.5167,-44.1833,84.27,49,64,9.08
200,Hazorasp,UZ,2022-06-05 19:06:27,41.3194,61.0742,71.44,11,15,8.66
201,Bilibino,RU,2022-06-05 19:06:27,68.0546,166.4372,34.27,61,94,5.12
202,San Matias,BO,2022-06-05 19:06:28,-16.3667,-58.4,96.58,22,26,8.12
203,Qaanaaq,GL,2022-06-05 19:06:28,77.484,-69.3632,32.2,67,0,1.97
204,Vila Do Maio,CV,2022-06-05 19:06:29,15.1333,-23.2167,77.79,86,3,22.3
205,Mount Gambier,AU,2022-06-05 19:03:33,-37.8333,140.7667,46.27,76,49,12.62
206,Klaksvik,FO,2022-06-05 19:06:29,62.2266,-6.589,50.92,85,100,10.33
207,Mpika,ZM,2022-06-05 19:06:30,-11.8343,31.4529,53.87,72,4,5.82
208,Andreapol,RU,2022-06-05 19:06:30,56.6513,32.2664,50.77,89,29,5.19
209,Madang,PG,2022-06-05 19:06:30,-5.2246,145.7966,74.93,91,28,3.74
210,Bushehr,IR,2022-06-05 19:06:31,28.9684,50.8385,88.93,46,96,0.94
211,Castro,BR,2022-06-05 19:06:31,-24.7911,-50.0119,64.17,72,98,3.44
212,Zhangye,CN,2022-06-05 19:06:31,38.9342,100.4517,70.77,33,100,3.02
213,Chowchilla,US,2022-06-05 19:06:32,37.123,-120.2602,88.02,47,0,10.36
214,Baykit,RU,2022-06-05 19:06:32,61.67,96.37,38.37,88,58,2.04
215,Zaragoza,ES,2022-06-05 19:01:50,41.6561,-0.8773,87.03,25,0,2.3
216,Karratha,AU,2022-06-05 19:06:33,-20.7377,116.8463,71.96,50,96,12.12
217,Arvika,SE,2022-06-05 19:06:33,59.6553,12.5852,66.81,58,13,4.68
218,Horki,BY,2022-06-05 19:06:33,54.2861,30.9842,53.49,83,2,6.08
219,Marsa Matruh,EG,2022-06-05 19:06:34,31.3525,27.2453,73.24,83,0,5.48
220,Ilulissat,GL,2022-06-05 19:06:34,69.2167,-51.1,41.02,48,10,18.41
221,Pevek,RU,2022-06-05 19:06:34,69.7008,170.3133,31.3,84,80,6.71
222,Kristiinankaupunki,FI,2022-06-05 19:06:35,62.2743,21.376,48.54,77,82,9.01
223,Chekmagush,RU,2022-06-05 19:06:35,55.1319,54.6556,56.66,82,100,3.13
224,Sasykoli,RU,2022-06-05 19:06:36,47.5515,46.9968,78.96,24,20,3.83
225,Ostrovnoy,RU,2022-06-05 19:06:36,68.0531,39.5131,54.75,81,98,6.8
226,Bethel,US,2022-06-05 19:02:48,41.3712,-73.414,77.18,38,0,9.22
227,Bairiki,KI,2022-06-05 19:06:37,1.3292,172.9752,80.6,74,20,11.5
228,Oranjestad,AW,2022-06-05 19:07:37,12.524,-70.027,89.55,58,20,21.85
229,Mitsamiouli,KM,2022-06-05 19:07:38,-11.3847,43.2844,78.22,74,79,13.71
230,Smolenka,RU,2022-06-05 19:07:38,52.1352,113.4974,48.27,100,100,0.0
231,Henties Bay,NA,2022-06-05 19:07:38,-22.116,14.2845,67.69,50,100,9.75
232,Bathsheba,BB,2022-06-05 19:07:39,13.2167,-59.5167,81.21,89,75,20.71
233,Balakhninskiy,RU,2022-06-05 19:07:39,58.0106,114.2769,57.04,82,100,2.13
234,Dana Point,US,2022-06-05 19:05:25,33.467,-117.6981,82.78,69,20,5.01
235,Seoul,KR,2022-06-05 19:06:18,37.5683,126.9778,65.64,92,100,4.03
236,Tateyama,JP,2022-06-05 19:07:40,34.9833,139.8667,68.09,82,75,6.91
237,Sangar,RU,2022-06-05 19:07:40,63.9242,127.4739,57.25,70,14,0.76
238,Tripoli,LY,2022-06-05 19:05:11,32.8752,13.1875,80.38,49,0,7.94
239,Tiarei,PF,2022-06-05 19:07:41,-17.5333,-149.3333,80.62,75,76,17.69
240,Kimbe,PG,2022-06-05 19:07:41,-5.5502,150.1429,73.96,91,65,3.22
241,Port Elizabeth,ZA,2022-06-05 19:07:41,-33.918,25.5701,62.1,87,6,4.0
242,Machali,CL,2022-06-05 19:07:42,-34.1833,-70.6667,63.68,34,75,5.75
243,Torit,SS,2022-06-05 19:07:42,4.4133,32.5678,78.91,47,42,3.38
244,Astoria,US,2022-06-05 19:07:42,46.1879,-123.8313,58.55,94,100,11.5
245,Heihe,CN,2022-06-05 19:07:43,50.2441,127.4902,51.33,74,39,3.24
246,Clyde River,CA,2022-06-05 19:07:43,70.4692,-68.5914,34.11,84,8,2.48
247,Port Macquarie,AU,2022-06-05 19:07:44,-31.4333,152.9167,41.9,74,6,6.55
248,Tandag,PH,2022-06-05 19:07:44,9.0783,126.1986,76.48,87,100,3.33
249,Pisco,PE,2022-06-05 19:04:52,-13.7,-76.2167,69.85,68,0,14.97
250,Gat,IL,2022-06-05 19:07:44,31.61,34.7642,82.4,58,0,6.08
251,Salalah,OM,2022-06-05 19:07:45,17.0151,54.0924,84.29,79,75,8.05
252,Padilla,CO,2022-06-05 19:07:45,3.2204,-76.3139,83.77,75,100,1.12
253,Georgetown,MY,2022-06-05 19:04:38,5.4112,100.3354,80.53,89,20,0.0
254,Upernavik,GL,2022-06-05 19:07:46,72.7868,-56.1549,30.97,62,0,9.24
255,Dapaong,TG,2022-06-05 19:07:46,10.8639,0.205,80.51,61,76,6.78
256,Port Lincoln,AU,2022-06-05 19:07:46,-34.7333,135.8667,53.73,59,72,16.31
257,Port Hardy,CA,2022-06-05 19:03:20,50.6996,-127.4199,55.36,92,100,4.25
258,Vilhena,BR,2022-06-05 19:07:47,-12.7406,-60.1458,88.07,29,4,4.07
259,At-Bashi,KG,2022-06-05 19:07:47,41.1702,75.8106,52.79,53,6,1.81
260,Comodoro Rivadavia,AR,2022-06-05 19:07:48,-45.8667,-67.5,51.66,32,0,8.05
261,La Ronge,CA,2022-06-05 19:07:48,55.1001,-105.2842,52.61,46,4,8.46
262,Ribeira Grande,PT,2022-06-05 19:07:48,38.5167,-28.7,66.6,88,75,1.14
263,Banjar,ID,2022-06-05 19:07:49,-8.19,114.9675,76.51,88,95,3.56
264,Jimma,ET,2022-06-05 19:07:49,7.6667,36.8333,59.52,93,94,0.6
265,Bambanglipuro,ID,2022-06-05 19:07:49,-7.95,110.2833,77.47,88,100,2.93
266,Sigli,ID,2022-06-05 19:07:50,5.3848,95.9609,80.53,81,100,2.91
267,Fort Nelson,CA,2022-06-05 19:07:50,58.8053,-122.7002,61.16,59,100,4.7
268,Naze,JP,2022-06-05 19:07:51,28.3667,129.4833,76.64,85,100,22.68
269,Manzhouli,CN,2022-06-05 19:07:51,49.6,117.4333,50.05,62,0,1.63
270,Sehithwa,BW,2022-06-05 19:07:51,-20.4667,22.7167,56.88,40,8,7.07
271,Lompoc,US,2022-06-05 19:07:52,34.6391,-120.4579,86.02,70,0,21.99
272,Kayerkan,RU,2022-06-05 19:07:52,69.3497,87.7602,28.53,79,14,9.26
273,Najran,SA,2022-06-05 19:07:52,17.4924,44.1277,78.73,16,0,1.1
274,Rapid Valley,US,2022-06-05 19:07:53,44.0625,-103.1463,67.62,76,100,5.75
275,Broome,US,2022-06-05 19:08:53,42.2506,-75.833,75.61,38,0,3.44
276,Touros,BR,2022-06-05 19:08:54,-5.1989,-35.4608,78.08,82,99,12.1
277,Wanaka,NZ,2022-06-05 19:08:54,-44.7,169.15,40.1,96,0,2.62
278,San Nicolas,PH,2022-06-05 19:08:54,18.1725,120.5953,79.86,82,100,6.64
279,Jonuta,MX,2022-06-05 19:08:55,18.0833,-92.1333,92.48,45,57,1.77
280,Urumqi,CN,2022-06-05 19:04:03,43.801,87.6005,67.15,37,0,2.24
281,Tsuruga,JP,2022-06-05 19:08:55,35.6455,136.0558,63.64,93,100,10.78
282,Puerto Del Rosario,ES,2022-06-05 19:08:56,28.5004,-13.8627,73.15,68,20,19.57
283,Tulum,MX,2022-06-05 19:06:38,20.2167,-87.4667,85.42,65,100,7.09
284,Sao Filipe,CV,2022-06-05 19:08:56,14.8961,-24.4956,76.62,69,5,11.61
285,Winneba,GH,2022-06-05 19:08:56,5.3511,-0.6231,79.7,80,100,9.24
286,Nsanje,MW,2022-06-05 19:08:09,-16.92,35.262,66.13,87,95,3.53
287,San Jeronimo,PE,2022-06-05 19:08:57,-11.9472,-75.2829,60.98,47,100,3.15
288,Esperance,AU,2022-06-05 19:08:57,-33.8667,121.9,55.22,70,100,8.03
289,Nago,JP,2022-06-05 19:08:58,26.5881,127.9761,81.03,90,100,19.57
290,Dafeng,CN,2022-06-05 19:08:58,23.4517,108.5881,77.63,92,100,2.82
291,Tingo Maria,PE,2022-06-05 19:08:58,-9.2895,-76.0088,84.79,56,58,3.58
292,Saint George,US,2022-06-05 19:05:34,37.1041,-113.5841,92.79,16,0,4.61
293,Yazman,PK,2022-06-05 19:08:59,29.1212,71.7446,95.18,16,0,9.82
294,Tevaitoa,PF,2022-06-05 19:08:59,-16.7833,-151.5,79.32,74,85,10.04
295,Butembo,CD,2022-06-05 19:08:59,0.15,29.2833,59.67,73,79,4.14
296,Goderich,CA,2022-06-05 19:09:00,43.7501,-81.7165,58.41,71,100,6.26
297,Nouadhibou,MR,2022-06-05 19:09:00,20.931,-17.0347,68.81,77,100,23.26
298,Sterling,US,2022-06-05 19:05:16,39.0062,-77.4286,81.99,37,20,5.99
299,Amecameca,MX,2022-06-05 19:09:01,19.1167,-98.7667,76.01,54,100,2.91
300,Halifax,CA,2022-06-05 19:05:16,44.6453,-63.5724,62.53,78,75,11.5
301,Vredendal,ZA,2022-06-05 19:09:01,-31.6683,18.5012,68.23,21,0,8.7
302,Lufilufi,WS,2022-06-05 19:09:02,-13.8745,-171.5986,82.36,73,20,12.68
303,Srandakan,ID,2022-06-05 19:09:02,-7.9386,110.2506,77.7,87,100,2.64
304,Norrtalje,SE,2022-06-05 19:09:02,59.758,18.705,58.42,68,89,4.38
305,Honningsvag,NO,2022-06-05 19:09:03,70.9821,25.9704,49.75,57,0,10.36
306,College,US,2022-06-05 19:09:03,64.8569,-147.8028,69.01,25,20,11.5
307,Coquimbo,CL,2022-06-05 19:09:03,-29.9533,-71.3436,64.13,55,0,9.22
308,Corn Island,NI,2022-06-05 19:09:04,12.1694,-83.0418,83.17,68,16,2.39
309,Hofn,IS,2022-06-05 19:09:04,64.2539,-15.2082,52.63,77,100,13.53
310,Gravdal,NO,2022-06-05 19:09:04,68.1214,13.5031,42.69,70,75,10.36
311,Eyl,SO,2022-06-05 19:09:05,7.9803,49.8164,78.64,84,69,19.71
312,Cabo San Lucas,MX,2022-06-05 19:05:12,22.8909,-109.9124,86.61,57,0,4.61
313,San Cristobal,VE,2022-06-05 19:09:05,7.7669,-72.225,73.58,53,56,7.14
314,Rampura,IN,2022-06-05 19:09:06,30.25,75.2333,95.5,12,0,2.42
315,Chapada Dos Guimaraes,BR,2022-06-05 19:09:06,-15.4606,-55.7497,87.46,22,5,6.22
316,Kasongo-Lunda,CD,2022-06-05 19:09:06,-6.4667,16.8167,72.57,48,100,1.01
317,Daitari,IN,2022-06-05 19:09:07,21.1,85.75,77.38,78,89,1.63
318,Wanlaweyn,SO,2022-06-05 19:09:07,2.6185,44.8938,77.18,81,100,16.42
319,Lavrentiya,RU,2022-06-05 19:08:50,65.5833,-171.0,38.77,73,89,0.65
320,Danshui,CN,2022-06-05 19:09:08,22.7984,114.4672,80.35,87,99,2.1
321,Aksu,CN,2022-06-05 19:10:08,41.1231,80.2644,73.85,16,0,4.9
322,Charlottesville,US,2022-06-05 19:06:20,38.0293,-78.4767,83.12,41,0,1.99
323,Tlalchapa,MX,2022-06-05 19:10:09,18.4,-100.4667,92.01,43,100,3.85
324,Vanavara,RU,2022-06-05 19:10:09,60.34,102.2797,38.39,83,0,1.1
325,Rawson,AR,2022-06-05 19:10:09,-43.3002,-65.1023,57.4,39,100,14.61
326,Broken Hill,AU,2022-06-05 19:10:10,-31.95,141.4333,43.75,80,0,13.58
327,Dikson,RU,2022-06-05 19:10:10,73.5069,80.5464,27.32,89,100,4.88
328,Anadyr,RU,2022-06-05 19:10:10,64.75,177.4833,42.49,81,100,5.53
329,Tulagi,SB,2022-06-05 19:10:11,-9.0996,160.1476,82.96,72,96,10.94
330,Hami,CN,2022-06-05 19:10:11,42.8,93.45,71.92,21,0,13.56
331,Waddan,LY,2022-06-05 19:10:12,29.1614,16.139,87.58,22,0,12.35
332,Katsuura,JP,2022-06-05 19:10:12,35.1333,140.3,66.22,84,100,8.48
333,Iwaki,JP,2022-06-05 19:10:12,37.05,140.8833,57.78,94,100,1.01
334,Sabzevar,IR,2022-06-05 19:10:13,36.2126,57.6819,78.94,13,0,10.54
335,Andenes,NO,2022-06-05 19:10:13,69.3143,16.1194,40.98,81,100,21.85
336,Merauke,ID,2022-06-05 19:10:13,-8.4667,140.3333,74.86,94,97,5.35
337,Cayenne,GF,2022-06-05 19:10:14,4.9333,-52.3333,82.44,1,40,13.8
338,Tralee,IE,2022-06-05 19:10:14,52.2704,-9.7026,56.64,88,100,5.55
339,Ossora,RU,2022-06-05 19:10:14,59.2353,163.0719,46.08,83,9,5.82
340,San Vicente,AR,2022-06-05 19:10:15,-26.6167,-54.1333,62.76,86,100,3.33
341,Northam,GB,2022-06-05 19:10:16,51.0333,-4.2167,56.25,96,97,4.56
342,Saskylakh,RU,2022-06-05 19:10:16,71.9167,114.0833,31.77,73,15,11.03
343,Kahului,US,2022-06-05 19:06:08,20.8947,-156.47,80.62,80,40,16.11
344,Kattivakkam,IN,2022-06-05 19:10:17,13.2167,80.3167,87.08,86,98,20.89
345,Grand Gaube,MU,2022-06-05 19:10:17,-20.0064,57.6608,71.38,74,1,3.0
346,Port-Cartier,CA,2022-06-05 19:06:43,50.0334,-66.8654,53.53,63,97,8.99
347,Batemans Bay,AU,2022-06-05 19:10:18,-35.7167,150.1833,55.09,68,27,24.09
348,Inirida,CO,2022-06-05 19:10:18,3.8653,-67.9239,81.25,78,56,4.03
349,Porto Belo,BR,2022-06-05 19:10:19,-27.1578,-48.5531,71.19,82,20,9.37
350,Iquique,CL,2022-06-05 19:10:19,-20.2208,-70.1431,64.44,77,100,7.29
351,Chuy,UY,2022-06-05 19:10:19,-33.6971,-53.4616,64.08,74,100,1.21
352,Havelock,US,2022-06-05 19:10:20,34.8791,-76.9013,83.98,48,20,24.16
353,Magalia,US,2022-06-05 19:10:20,39.8121,-121.5783,60.51,89,100,3.0
354,Bloomfield,US,2022-06-05 19:10:20,40.8068,-74.1854,80.31,31,0,9.22
355,Simbahan,PH,2022-06-05 19:10:21,6.3032,120.5836,82.04,73,100,5.32
356,Borovichi,RU,2022-06-05 19:10:21,58.3878,33.9155,51.44,94,100,4.88
357,Ayan,RU,2022-06-05 19:10:21,56.45,138.1667,52.66,65,56,6.78
358,Mocuba,MZ,2022-06-05 19:10:22,-16.8392,36.9856,63.45,97,4,5.66
359,Bergen,NO,2022-06-05 19:10:22,60.392,5.328,61.07,66,0,14.97
360,Aswan,EG,2022-06-05 19:10:22,24.0934,32.907,94.86,12,18,16.75
361,San Policarpo,PH,2022-06-05 19:10:23,12.1791,125.5072,77.27,88,75,4.05
362,Marawi,PH,2022-06-05 19:10:23,7.9986,124.2928,68.52,88,100,0.76
363,Guerrero Negro,MX,2022-06-05 19:10:23,27.9769,-114.0611,69.3,62,19,18.5
364,Verona,IT,2022-06-05 19:10:24,45.4167,11.0333,76.66,57,20,3.44
365,Tuy Hoa,VN,2022-06-05 19:05:55,13.0833,109.3,78.69,82,11,4.76
366,Ayolas,PY,2022-06-05 19:10:24,-27.4,-56.9,71.17,85,100,4.88
367,Tomatlan,MX,2022-06-05 19:10:25,19.9333,-105.25,89.53,45,0,10.96
368,Santiago,CL,2022-06-05 19:08:26,-33.4569,-70.6483,65.64,35,20,5.75
369,Ust-Tarka,RU,2022-06-05 19:10:25,55.5672,75.705,37.02,76,0,4.07
370,Constitucion,CL,2022-06-05 19:11:25,-35.3333,-72.4167,55.96,82,100,10.58
371,Abha,SA,2022-06-05 19:11:26,18.2164,42.5053,68.25,73,0,0.0
372,Huilong,CN,2022-06-05 19:11:26,31.8111,121.655,69.93,88,100,7.34
373,Keetmanshoop,NA,2022-06-05 19:11:27,-26.5833,18.1333,61.25,23,100,11.34
374,Hualmay,PE,2022-06-05 19:11:27,-11.0964,-77.6139,68.63,74,99,13.35
375,Amuntai,ID,2022-06-05 19:11:28,-2.4177,115.2494,72.39,98,94,1.57
376,Xining,CN,2022-06-05 19:11:28,36.6167,101.7667,48.4,82,100,7.65
377,Gilgit,PK,2022-06-05 19:11:29,35.9221,74.3087,69.44,61,80,3.29
378,Boddam,GB,2022-06-05 19:11:29,57.4667,-1.7833,54.43,82,100,6.51
379,Kruisfontein,ZA,2022-06-05 19:11:29,-34.0033,24.7314,59.88,84,9,7.54
380,Labuhan,ID,2022-06-05 19:11:30,-6.8844,112.2051,78.49,87,100,5.57
381,Riyadh,SA,2022-06-05 19:08:45,24.6877,46.7219,91.54,7,0,3.78
382,Cache Creek,CA,2022-06-05 19:11:30,50.8101,-121.3246,62.91,73,100,5.03
383,Saint-Francois,FR,2022-06-05 19:07:37,46.4154,3.9054,69.24,64,0,8.05
384,Khuzhir,RU,2022-06-05 19:11:31,53.1939,107.3397,46.29,88,20,9.66
385,Cockburn Town,TC,2022-06-05 19:11:31,21.4612,-71.1419,81.03,83,100,9.4
386,Ponnani,IN,2022-06-05 19:11:31,10.767,75.9252,79.92,86,100,2.89
387,Nanortalik,GL,2022-06-05 19:11:32,60.1432,-45.2371,43.86,71,79,3.27
388,Rocha,UY,2022-06-05 19:08:26,-34.4833,-54.3333,60.53,78,100,5.82
389,Necochea,AR,2022-06-05 19:11:32,-38.5473,-58.7368,54.95,54,100,3.83
390,Nabire,ID,2022-06-05 19:11:33,-3.3667,135.4833,72.75,91,14,3.18
391,Arona,ES,2022-06-05 19:11:33,28.0996,-16.681,67.98,60,20,24.16
392,Orlik,RU,2022-06-05 19:11:33,52.5178,99.825,44.82,89,100,1.41
393,Praia Da Vitoria,PT,2022-06-05 19:11:34,38.7333,-27.0667,65.75,92,100,4.63
394,Vuktyl,RU,2022-06-05 19:11:34,63.8567,57.3094,50.49,41,18,10.13
395,Aktau,KZ,2022-06-05 19:11:34,43.65,51.2,73.98,43,98,1.95
396,Progreso,MX,2022-06-05 19:11:35,21.2833,-89.6667,94.1,68,21,12.3
397,Concepcion Del Oro,MX,2022-06-05 19:11:35,24.6333,-101.4167,79.9,21,2,8.32
398,Funehiki,JP,2022-06-05 19:11:35,37.4333,140.5833,52.75,97,100,4.88
399,Dorogobuzh,RU,2022-06-05 19:11:36,54.915,33.2972,54.3,82,69,6.67
400,Bestobe,KZ,2022-06-05 19:11:36,52.4994,73.0975,53.22,57,100,6.87
401,Atasu,KZ,2022-06-05 19:08:39,48.6814,71.6433,54.21,54,100,11.65
402,Humaita,BR,2022-06-05 19:11:37,-7.5061,-63.0208,83.73,68,100,2.01
403,Khandbari,NP,2022-06-05 19:11:37,27.3747,87.2039,73.29,85,100,1.1
404,Los Llanos De Aridane,ES,2022-06-05 19:11:37,28.6585,-17.9182,68.13,79,20,16.11
405,Mackay,AU,2022-06-05 19:11:38,-21.15,149.2,69.67,84,99,4.54
406,Soloneshnoye,RU,2022-06-05 19:11:38,51.6544,84.3197,42.24,96,65,5.59
407,Los Lunas,US,2022-06-05 19:11:38,34.8062,-106.7334,89.65,15,14,5.01
408,Amboasary,MG,2022-06-05 19:11:39,-25.0333,46.3833,68.92,85,98,3.67
409,Khor,RU,2022-06-05 19:11:39,47.8861,134.9464,47.39,71,6,3.24
410,Viedma,AR,2022-06-05 19:11:39,-40.8135,-62.9967,61.63,49,6,16.4
411,Badou,TG,2022-06-05 19:11:40,7.5833,0.6,76.41,82,100,7.09
412,Ruza,RU,2022-06-05 19:11:40,55.699,36.1952,50.99,94,47,5.03
413,Coahuayana,MX,2022-06-05 19:11:40,18.7333,-103.6833,88.95,55,73,7.9
414,Presidencia Roque Saenz Pena,AR,2022-06-05 19:11:41,-26.7852,-60.4388,70.23,82,100,2.95
415,La Sarre,CA,2022-06-05 19:08:15,48.8002,-79.1996,60.84,54,75,6.51
416,Ketchikan,US,2022-06-05 19:12:41,55.3422,-131.6461,57.67,72,100,6.91
417,Merritt Island,US,2022-06-05 19:08:47,28.5392,-80.672,87.03,69,0,12.66
418,Waipawa,NZ,2022-06-05 19:12:42,-41.4122,175.5153,48.69,78,99,6.04
419,Nurota,UZ,2022-06-05 19:12:42,40.5614,65.6886,75.27,16,0,5.68
420,Fort Frances,CA,2022-06-05 19:12:43,48.5999,-93.4003,64.17,48,100,4.61
421,Emerald,AU,2022-06-05 19:11:08,-23.5333,148.1667,63.34,91,100,12.88
422,Talara,PE,2022-06-05 19:12:43,-4.5772,-81.2719,75.96,64,0,20.71
423,Waw,SS,2022-06-05 19:12:43,7.7029,27.9953,78.76,58,16,1.68
424,Bolobo,CD,2022-06-05 19:12:44,-2.1667,16.2333,76.5,64,20,1.57
425,Bahia Blanca,AR,2022-06-05 19:12:44,-38.7196,-62.2724,58.89,51,99,10.04
426,Kimry,RU,2022-06-05 19:12:44,56.8667,37.35,51.89,97,8,5.3
427,Abong Mbang,CM,2022-06-05 19:12:45,3.9833,13.1833,67.93,96,94,0.4
428,Cooma,AU,2022-06-05 19:12:45,-36.2333,149.1333,35.37,93,75,14.97
429,Longonjo,AO,2022-06-05 19:12:46,-12.9067,15.2533,58.44,45,5,4.88
430,Kauhajoki,FI,2022-06-05 19:12:46,62.4333,22.1833,53.76,68,54,5.1
431,Belaya Gora,RU,2022-06-05 19:12:46,68.5333,146.4167,49.98,50,100,8.23
432,Zelenogorskiy,RU,2022-06-05 19:12:47,55.0333,87.0,45.81,85,100,3.24
433,Ust-Kuyga,RU,2022-06-05 19:12:47,70.0167,135.6,60.26,69,56,2.77
434,Cacapava Do Sul,BR,2022-06-05 19:12:47,-30.5122,-53.4914,58.77,99,100,1.86
435,Laguna,US,2022-06-05 19:12:48,38.421,-121.4238,74.05,72,100,5.75
436,Panaba,MX,2022-06-05 19:12:48,21.2833,-88.2667,92.57,45,76,4.41
437,Samarai,PG,2022-06-05 19:11:20,-10.6167,150.6667,82.18,78,68,11.81
438,Jizan,SA,2022-06-05 19:12:49,17.3333,42.6667,86.04,69,1,2.82
439,Panna,IN,2022-06-05 19:12:49,24.7167,80.2,95.54,12,28,2.48
440,Saveh,IR,2022-06-05 19:12:49,35.0213,50.3566,85.32,21,72,9.53
441,Payo,ID,2022-06-05 19:12:50,-3.7508,103.6372,72.57,97,99,2.1
442,Homer,US,2022-06-05 19:12:50,59.6425,-151.5483,65.05,53,0,11.5
443,Westport,US,2022-06-05 19:12:50,41.1415,-73.3579,79.29,44,52,1.99
444,Konstantinovka,RU,2022-06-05 19:12:51,49.6167,127.9833,51.58,72,95,2.26
445,Miramar,US,2022-06-05 19:12:51,25.9873,-80.2323,91.42,68,40,10.36
446,Chapais,CA,2022-06-05 19:11:22,49.7834,-74.8492,49.24,95,100,3.78
447,Dongsheng,CN,2022-06-05 19:12:52,39.8161,109.9776,59.65,21,13,8.59
448,Nasirabad,IN,2022-06-05 19:12:52,26.3,74.7333,89.11,16,4,14.72
449,Rincon,US,2022-06-05 19:12:52,32.296,-81.2354,83.91,64,75,9.22
450,Vostok,RU,2022-06-05 19:12:53,46.4856,135.8833,37.99,76,100,3.36
451,Nhulunbuy,AU,2022-06-05 19:12:53,-12.2333,136.7667,77.61,88,100,4.61
452,Tharad,IN,2022-06-05 19:12:53,24.3961,71.6267,86.11,59,100,14.16
453,Pemangkat,ID,2022-06-05 19:12:54,1.1667,108.9667,78.17,84,100,4.23
454,Korhogo,CI,2022-06-05 19:12:54,9.45,-5.6333,86.56,43,100,2.75
455,Coihaique,CL,2022-06-05 19:12:54,-45.5752,-72.0662,46.35,53,75,5.75
456,Kungurtug,RU,2022-06-05 19:12:55,50.5994,97.5228,44.44,88,40,2.42
457,Visnes,NO,2022-06-05 19:12:55,59.3556,5.2242,59.83,62,0,18.41
458,Mapiripan,CO,2022-06-05 19:12:56,2.8892,-72.1256,79.32,78,100,0.83
459,Pangai,TO,2022-06-05 19:12:56,-19.8,-174.35,77.81,76,95,13.38
460,Opuwo,NA,2022-06-05 19:12:56,-18.0607,13.84,61.75,34,100,8.57
461,Matara,LK,2022-06-05 19:12:57,5.9485,80.5353,77.18,91,100,10.18
462,Wuwei,CN,2022-06-05 19:13:57,37.9281,102.6414,67.69,34,100,5.68
463,Whitianga,NZ,2022-06-05 19:11:55,-36.8333,175.7,58.89,88,100,8.37
464,Porto Novo,BJ,2022-06-05 19:11:23,6.4965,2.6036,77.74,76,100,11.01
465,Nehe,CN,2022-06-05 19:13:58,48.4833,124.8333,48.38,78,0,8.68
466,General Roca,AR,2022-06-05 19:13:58,-39.0333,-67.5833,65.62,37,3,16.78
467,Bulgan,MN,2022-06-05 19:13:58,48.8125,103.5347,55.81,47,100,5.79
468,Tecoanapa,MX,2022-06-05 19:13:59,16.5167,-98.75,85.68,67,19,9.82
469,Manadhoo,MV,2022-06-05 19:13:59,5.7667,73.3833,82.67,78,99,14.74
470,Guntakal,IN,2022-06-05 19:13:59,15.1667,77.3833,79.92,68,100,15.59
471,Pacific Grove,US,2022-06-05 19:14:00,36.6177,-121.9166,70.43,87,90,11.99
472,Mgandu,TZ,2022-06-05 19:14:00,-5.95,34.1333,61.21,62,55,5.64
473,Yar-Sale,RU,2022-06-05 19:14:00,66.8333,70.8333,36.81,49,36,4.09
474,Asfi,MA,2022-06-05 19:14:01,32.2994,-9.2372,69.98,72,0,22.95
475,Elko,US,2022-06-05 19:14:01,41.0002,-115.5012,68.02,66,100,17.29
476,Libreville,GA,2022-06-05 19:14:01,0.3925,9.4537,76.78,87,100,6.69
477,Chiquilistlan,MX,2022-06-05 19:14:02,20.2,-103.8167,81.88,44,3,4.03
478,Dunedin,NZ,2022-06-05 19:10:07,-45.8742,170.5036,48.79,69,0,1.99
479,Lalmohan,BD,2022-06-05 19:14:02,22.3384,90.7419,83.97,82,51,14.63
480,Guane,CU,2022-06-05 19:14:04,22.2025,-84.0875,90.72,52,52,7.92
481,Sorong,ID,2022-06-05 19:14:04,-0.8833,131.25,77.52,82,61,6.02
482,Lahad Datu,MY,2022-06-05 19:14:04,5.0268,118.327,76.05,91,100,1.81
483,Xichang,CN,2022-06-05 19:14:05,27.8964,102.2634,62.19,85,100,2.46
484,Rafaela,AR,2022-06-05 19:14:05,-31.2503,-61.4867,64.99,59,100,5.57
485,Paredon,MX,2022-06-05 19:14:06,16.0333,-93.8667,85.78,69,100,9.48
486,Batagay,RU,2022-06-05 19:14:06,67.6333,134.6333,59.9,65,3,3.15
487,Benghazi,LY,2022-06-05 19:14:06,32.1167,20.0667,76.32,73,0,9.51
488,Xianshuigu,CN,2022-06-05 19:14:07,38.985,117.3828,71.6,40,0,15.66
489,Coxim,BR,2022-06-05 19:14:07,-18.5067,-54.76,96.19,22,4,8.7
490,San Patricio,US,2022-06-05 19:14:07,28.017,-97.5169,97.52,40,0,17.56
491,Picayune,US,2022-06-05 19:13:02,30.5255,-89.6795,94.08,62,100,2.62
492,Katobu,ID,2022-06-05 19:14:08,-4.9408,122.5276,74.14,95,44,2.13
493,Mizdah,LY,2022-06-05 19:14:08,31.4451,12.9801,86.79,22,0,14.67
494,Horn Lake,US,2022-06-05 19:14:08,34.9554,-90.0348,89.58,43,20,6.91
495,Ahipara,NZ,2022-06-05 19:14:09,-35.1667,173.1667,57.79,89,41,5.3
496,Binga,ZW,2022-06-05 19:14:09,-17.6203,27.3414,63.0,49,0,3.49
497,Fukue,JP,2022-06-05 19:14:10,32.6881,128.8419,68.88,87,100,24.43
498,Faya,SA,2022-06-05 19:14:10,18.3851,42.4509,68.52,22,57,3.02
499,Birin,NP,2022-06-05 19:14:10,26.8865,88.0718,62.82,86,53,3.85
500,Tiruchchirappalli,IN,2022-06-05 19:14:11,10.8167,78.6833,77.11,88,100,11.5
501,Lesnoy,RU,2022-06-05 19:14:11,57.6198,63.0784,53.98,70,100,4.76
502,Estrela,BR,2022-06-05 19:14:12,-28.0611,-50.9383,60.6,97,100,3.78
503,Hambantota,LK,2022-06-05 19:14:12,6.1241,81.1185,78.6,85,100,15.88
504,Vanderhoof,CA,2022-06-05 19:12:37,54.0166,-124.0198,63.99,51,100,6.4
505,Roma,US,2022-06-05 19:13:30,43.2128,-75.4557,74.37,38,40,5.99
506,Flinders,AU,2022-06-05 19:14:13,-34.5833,150.8552,50.18,73,6,10.0
507,Kabinda,CD,2022-06-05 19:14:13,-6.1333,24.4833,70.74,49,1,5.44
508,Ojhar,IN,2022-06-05 19:14:13,20.1,73.9333,80.19,65,100,12.08
509,Plouzane,FR,2022-06-05 19:15:14,48.3833,-4.6167,59.32,74,75,12.66
510,Arlit,NE,2022-06-05 19:15:14,18.7369,7.3853,93.58,8,33,4.79
511,Monchegorsk,RU,2022-06-05 19:15:14,67.9397,32.8739,49.64,87,100,6.8
512,Aloleng,PH,2022-06-05 19:15:15,16.1307,119.7824,81.82,76,100,7.92
513,Mufumbwe,ZM,2022-06-05 19:15:15,-13.6833,24.8,54.86,61,0,5.32
514,Mount Isa,AU,2022-06-05 19:15:15,-20.7333,139.5,65.97,72,100,9.22
515,Virginia Beach,US,2022-06-05 19:12:51,36.8529,-75.978,82.44,63,40,16.11
516,Namatanai,PG,2022-06-05 19:15:16,-3.6667,152.4333,77.52,82,70,1.68
517,Bilma,NE,2022-06-05 19:15:16,18.6853,12.9164,96.39,10,46,5.19
518,Kalamata,GR,2022-06-05 19:15:17,37.0389,22.1142,77.11,79,20,0.0
519,Codrington,AU,2022-06-05 19:15:17,-38.2667,141.9667,49.26,67,100,19.35
520,Alice Springs,AU,2022-06-05 19:15:17,-23.7,133.8833,44.15,93,40,0.0
521,Igunga,TZ,2022-06-05 19:15:18,-4.2833,33.8833,72.43,37,78,5.53
522,Ormara,PK,2022-06-05 19:15:18,25.2088,64.6357,81.37,88,0,14.61
523,Marsh Harbour,BS,2022-06-05 19:10:42,26.5412,-77.0636,80.29,70,0,10.58
524,Bogalusa,US,2022-06-05 19:15:18,30.791,-89.8487,91.45,40,40,3.44
525,Santa Cruz Do Sul,BR,2022-06-05 19:15:19,-29.7175,-52.4258,63.95,98,100,1.14
526,Tucupita,VE,2022-06-05 19:15:19,9.0622,-62.051,82.22,81,100,5.01
527,Chissamba,AO,2022-06-05 19:15:19,-12.1667,17.3333,56.75,46,0,2.44
528,Miraflores,MX,2022-06-05 19:15:20,19.2167,-98.8083,77.76,38,100,3.76
529,Saint-Felicien,CA,2022-06-05 19:15:20,48.6501,-72.4491,61.48,72,75,5.75
530,Kastamonu,TR,2022-06-05 19:15:21,41.5,33.6667,57.07,78,53,4.0
531,Cruzeiro Do Sul,BR,2022-06-05 19:15:21,-29.5128,-51.9853,64.51,95,100,2.82
532,Vila Velha,BR,2022-06-05 19:13:46,-20.3297,-40.2925,75.15,68,0,11.99
533,Fairview,US,2022-06-05 19:15:22,40.8126,-73.999,79.83,30,0,9.22
534,Bandiagara,ML,2022-06-05 19:15:22,14.3501,-3.6104,100.72,11,13,7.83
535,Bakel,SN,2022-06-05 19:15:22,14.905,-12.4568,104.29,20,3,5.73
536,Hazleton,US,2022-06-05 19:15:23,40.9584,-75.9746,74.16,33,0,4.61
537,Ucluelet,CA,2022-06-05 19:15:23,48.9329,-125.5528,54.09,94,100,8.93
538,Waingapu,ID,2022-06-05 19:15:23,-9.6567,120.2641,76.78,81,57,4.21
539,Nemuro,JP,2022-06-05 19:15:24,43.3236,145.575,43.27,87,100,11.07
540,Kardymovo,RU,2022-06-05 19:15:24,54.8902,32.4311,53.46,80,45,5.86
541,Port Augusta,AU,2022-06-05 19:15:24,-32.5,137.7667,48.42,78,10,8.39
542,Tommot,RU,2022-06-05 19:15:25,58.9564,126.2925,55.81,78,59,2.55
543,Zaria,NG,2022-06-05 19:15:25,11.1113,7.7227,76.23,58,90,1.16
544,Ust-Ilimsk,RU,2022-06-05 19:15:26,58.0006,102.6619,39.29,90,9,0.87
545,Trelew,AR,2022-06-05 19:15:26,-43.249,-65.3051,57.87,35,100,12.03
546,Sorland,NO,2022-06-05 19:15:26,67.667,12.6934,44.46,64,100,25.48
547,Vega De Alatorre,MX,2022-06-05 19:15:27,20.0333,-96.6333,88.59,59,66,11.32
548,Burnie,AU,2022-06-05 19:15:27,-41.0667,145.9167,49.14,79,96,14.09
549,Maniitsoq,GL,2022-06-05 19:15:27,65.4167,-52.9,46.71,60,0,6.49
550,Kissimmee,US,2022-06-05 19:10:47,28.3047,-81.4167,93.15,53,75,6.91
551,Mahajanga,MG,2022-06-05 19:15:28,-15.7167,46.3167,71.62,88,75,8.05
552,Buraydah,SA,2022-06-05 19:15:28,26.326,43.975,91.85,6,0,6.04
553,Lubartow,PL,2022-06-05 19:15:29,51.4603,22.6095,63.09,59,84,6.22
554,Aromashevo,RU,2022-06-05 19:15:29,56.8602,68.6375,52.81,59,92,4.68
555,Chlorakas,CY,2022-06-05 19:15:29,34.8042,32.4083,74.28,73,75,4.61
556,Dali,CN,2022-06-05 19:14:00,25.7,100.1833,63.32,94,98,4.9
557,Port Hawkesbury,CA,2022-06-05 19:13:28,45.6169,-61.3485,61.9,83,100,10.36
558,Alekseyevsk,RU,2022-06-05 19:16:30,57.8406,108.3492,49.1,98,100,4.03
559,Manosque,FR,2022-06-05 19:16:30,43.8288,5.7869,76.57,41,1,8.72
560,Goya,AR,2022-06-05 19:16:31,-29.14,-59.2626,62.58,91,100,5.44
561,Sinnamary,GF,2022-06-05 19:16:31,5.3833,-52.95,81.84,80,93,8.23
562,Moree,AU,2022-06-05 19:16:32,-29.4667,149.85,47.57,78,8,8.16
563,Kochi,IN,2022-06-05 19:16:32,9.9399,76.2602,75.18,83,100,5.01
564,Vanimo,PG,2022-06-05 19:16:33,-2.6741,141.3028,75.92,90,75,4.97
565,Verkhnyaya Inta,RU,2022-06-05 19:16:33,65.9811,60.3094,47.35,47,8,13.47
566,Awjilah,LY,2022-06-05 19:16:33,29.1081,21.2869,84.96,29,0,19.15
567,Saidpur,BD,2022-06-05 19:16:34,25.7777,88.8917,77.22,93,39,7.05
568,Tourlaville,FR,2022-06-05 19:16:34,49.6383,-1.5664,60.22,67,0,6.91
569,Wanning,CN,2022-06-05 19:16:34,18.8003,110.3967,80.96,88,100,10.58
570,Maragogi,BR,2022-06-05 19:16:35,-9.0122,-35.2225,78.26,81,22,10.18
